UserId	NameFirst	NameLast	EmailId	Picture	Active	OnlineStatus	CountryId	UserLevel	CreatedAt
1	Steve	Johnston	sjohnston@gigabox.com	6.jpg	0	4	se	6650	2014-11-16 04:03:36
4	Kathy	Gardner	kgardner@mydo.name	67.jpg	0	1	co	2277	2014-11-16 04:03:36
10	Norma	Parker	nparker@thoughtworks.name	115.jpg	0	2	so	3491	2014-11-16 04:03:36
11	Norma	James	njames@yodel.com	98.jpg	1	3	se	5610	2014-11-16 04:03:36
12	Justin	Hamilton	jhamilton@gigazoom.info	151.jpg	0	0	fr	1492	2014-11-16 04:03:36
13	Amy	Duncan	aduncan@dazzlesphere.net	147.jpg	0	1	ni	5826	2014-11-16 04:03:36
14	Phyllis	Scott	pscott@jabbertype.gov	158.jpg	1	4	se	3352	2014-11-16 04:03:36
15	Angela	Hernandez	ahernandez@flashspan.net	127.jpg	0	3	tt	211	2014-11-16 04:03:36
16	Joan	Gilbert	jgilbert@quamba.name	148.jpg	0	3	cy	1524	2014-11-16 04:03:36
17	Mary	Cunningham	mcunningham@dynabox.org	113.jpg	1	0	se	6037	2014-11-16 04:03:36
18	Matthew	Morris	mmorris@feedfish.info	98.jpg	1	4	ch	1546	2014-11-16 04:03:36
19	Larry	Cole	lcole@oyoloo.net	76.jpg	1	3	sz	863	2014-11-16 04:03:36
20	Eric	Duncan	eduncan@feedspan.mil	150.jpg	1	4	sa	4157	2014-11-16 04:03:36
21	Johnny	Fuller	jfuller@fliptune.info	146.jpg	1	4	fi	2079	2014-11-16 04:03:36
22	Ronald	King	rking@topicshots.com	57.jpg	1	1	is	6362	2014-11-16 04:03:36
24	Joyce	Watson	jwatson@photobean.net	156.jpg	1	4	ma	3897	2014-11-16 04:03:36
25	Ruby	Wagner	rwagner@fivebridge.info	49.jpg	1	4	se	1767	2014-11-24 00:05:55
26	Jason	Ray	jray@zava.biz	75.jpg	1	0	it	5839	2014-11-16 04:03:36
2	Elizabeth	Patterson	epatterson@twinder.org	83.jpg	0	2	ga	3390	2014-11-30 23:17:17
3	Sarah	Kennedy	skennedy@oyonder.net	133.jpg	1	2	na	1690	2014-11-16 04:03:36
5	Sara	Gomez	sgomez@jabbertype.gov	91.jpg	0	3	mo	1241	2014-11-16 04:03:36
6	Norma	Brown	nbrown@browsecat.info	126.jpg	0	1	va	3226	2014-11-16 04:03:36
7	Christina	Shaw	cshaw@topicblab.gov	85.jpg	0	3	uk	5541	2014-11-16 04:03:36
8	Linda	Burns	lburns@jabbersphere.net	133.jpg	0	1	se	6533	2014-11-30 23:17:17
9	Phillip	Nelson	pnelson@snaptags.com	49.jpg	0	0	se	6545	2014-11-16 04:03:36
